{
    "images": [],
    "geometries": [{
        "uuid": "FD96B938-A91F-3C2D-BDD8-D52C228049F3",
        "data": {
            "bones": [],
            "influencesPerVertex": 2,
            "vertices": [3.25319,-2.11886,-1.74716,3.25319,-2.11886,-2.25711,3.76314,-2.11886,-2.25711,3.76314,-2.11886,-1.74716,3.76314,-0.017765,-1.74716,3.25319,-0.017765,-1.74716,4.09775,-2.00713,0,4.09775,-2.37276,0,4.09775,-2.37276,-2.59922,4.09775,-2.00713,-2.59922,3.25319,-0.017765,-2.25711,3.76314,-0.017765,-2.25711,0,-2.37276,-2.59922,0,-2.00713,-2.59922,0,-2.37276,0,0,-2.00713,0,-3.76314,-2.11886,-2.25711,-3.25319,-2.11886,-2.25711,-3.25319,-2.11886,-1.74716,-3.76314,-2.11886,-1.74716,-3.25319,-0.017765,-1.74716,-3.76314,-0.017765,-1.74716,-4.09775,-2.00713,0,-4.09775,-2.00713,-2.59922,-4.09775,-2.37276,-2.59922,-4.09775,-2.37276,0,-3.25319,-0.017765,-2.25711,-3.76314,-0.017765,-2.25711,3.76314,-2.11886,2.25711,3.25319,-2.11886,2.25711,3.25319,-2.11886,1.74716,3.76314,-2.11886,1.74716,3.25319,-0.017765,1.74716,3.76314,-0.017765,1.74716,4.09775,-2.00713,2.59922,4.09775,-2.37276,2.59922,3.25319,-0.017765,2.25711,3.76314,-0.017765,2.25711,0,-2.00713,2.59922,0,-2.37276,2.59922,-3.76314,-2.11886,2.25711,-3.76314,-2.11886,1.74716,-3.25319,-2.11886,1.74716,-3.25319,-2.11886,2.25711,-3.76314,-0.017765,1.74716,-3.25319,-0.017765,1.74716,-4.09775,-2.37276,2.59922,-4.09775,-2.00713,2.59922,-3.25319,-0.017765,2.25711,-3.76314,-0.017765,2.25711],
            "metadata": {
                "generator": "io_three",
                "bones": 0,
                "normals": 18,
                "version": 3,
                "materials": 1,
                "vertices": 50,
                "faces": 80,
                "morphTargets": 0,
                "uvs": 0
            },
            "uvs": [],
            "animations": [],
            "faces": [34,0,1,2,0,0,1,2,34,0,2,3,0,0,2,3,34,0,3,4,0,0,3,4,34,0,4,5,0,0,4,5,34,6,7,8,0,6,7,2,34,6,8,9,0,6,2,8,34,10,5,4,0,9,5,4,34,10,4,11,0,9,4,8,34,3,2,11,0,3,2,8,34,3,11,4,0,3,8,4,34,1,0,5,0,1,0,5,34,1,5,10,0,1,5,9,34,2,1,10,0,2,1,9,34,2,10,11,0,2,9,8,34,9,8,12,0,8,2,10,34,9,12,13,0,8,10,11,34,7,14,12,0,7,12,10,34,7,12,8,0,7,10,2,34,6,9,13,0,6,8,11,34,6,13,15,0,6,11,13,34,16,17,18,0,1,2,3,34,16,18,19,0,1,3,0,34,18,20,21,0,3,4,5,34,18,21,19,0,3,5,0,34,22,23,24,0,14,9,1,34,22,24,25,0,14,1,15,34,26,27,21,0,8,9,5,34,26,21,20,0,8,5,4,34,19,21,27,0,0,5,9,34,19,27,16,0,0,9,1,34,17,26,20,0,2,8,4,34,17,20,18,0,2,4,3,34,16,27,26,0,1,9,8,34,16,26,17,0,1,8,2,34,23,13,12,0,9,11,10,34,23,12,24,0,9,10,1,34,25,24,12,0,15,1,10,34,25,12,14,0,15,10,12,34,22,15,13,0,14,13,11,34,22,13,23,0,14,11,9,34,28,29,30,0,3,0,1,34,28,30,31,0,3,1,2,34,30,32,33,0,1,9,8,34,30,33,31,0,1,8,2,34,6,34,35,0,6,4,3,34,6,35,7,0,6,3,7,34,36,37,33,0,5,4,8,34,36,33,32,0,5,8,9,34,31,33,37,0,2,8,4,34,31,37,28,0,2,4,3,34,29,36,32,0,0,5,9,34,29,32,30,0,0,9,1,34,28,37,36,0,3,4,5,34,28,36,29,0,3,5,0,34,34,38,39,0,4,16,17,34,34,39,35,0,4,17,3,34,7,35,39,0,7,3,17,34,7,39,14,0,7,17,12,34,6,15,38,0,6,13,16,34,6,38,34,0,6,16,4,34,40,41,42,0,0,1,2,34,40,42,43,0,0,2,3,34,42,41,44,0,2,1,9,34,42,44,45,0,2,9,8,34,22,25,46,0,14,15,0,34,22,46,47,0,14,0,5,34,48,45,44,0,4,8,9,34,48,44,49,0,4,9,5,34,41,40,49,0,1,0,5,34,41,49,44,0,1,5,9,34,43,42,45,0,3,2,8,34,43,45,48,0,3,8,4,34,40,43,48,0,0,3,4,34,40,48,49,0,0,4,5,34,47,46,39,0,5,0,17,34,47,39,38,0,5,17,16,34,25,14,39,0,15,12,17,34,25,39,46,0,15,17,0,34,22,47,38,0,14,5,16,34,22,38,15,0,14,16,13],
            "normals": [-0.577349,-0.577349,0.577349,-0.577349,-0.577349,-0.577349,0.577349,-0.577349,-0.577349,0.577349,-0.577349,0.577349,0.577349,0.577349,0.577349,-0.577349,0.577349,0.577349,0.707083,0.707083,0,0.707083,-0.707083,0,0.577349,0.577349,-0.577349,-0.577349,0.577349,-0.577349,0,-0.707083,-0.707083,0,0.707083,-0.707083,0,-1,0,0,1,0,-0.707083,0.707083,0,-0.707083,-0.707083,0,0,0.707083,0.707083,0,-0.707083,0.707083],
            "skinWeights": [],
            "name": "Cube_Cube_002Geometry",
            "morphTargets": [],
            "skinIndices": []
        },
        "materials": [{
            "colorEmissive": [0,0,0],
            "opacity": 1,
            "DbgName": "Table",
            "specularCoef": 50,
            "DbgIndex": 0,
            "blending": "NormalBlending",
            "depthWrite": true,
            "wireframe": false,
            "visible": true,
            "DbgColor": 15658734,
            "colorSpecular": [0,0,0],
            "doubleSided": true,
            "transparent": false,
            "colorDiffuse": [0.298039,0.184314,0.015686],
            "colorAmbient": [0.298039,0.184314,0.015686],
            "depthTest": true,
            "shading": "phong"
        }],
        "type": "Geometry"
    }],
    "materials": [{
        "specular": 0,
        "emissive": 0,
        "blending": "NormalBlending",
        "depthWrite": true,
        "color": 4992772,
        "shininess": 50,
        "vertexColors": false,
        "type": "MeshPhongMaterial",
        "name": "Table",
        "uuid": "CE455CF3-AA1C-31F2-A417-40A0777BE4AB",
        "ambient": 4992772,
        "depthTest": true,
        "side": 2
    }],
    "object": {
        "uuid": "FF5C07DA-24D1-44C8-B9D0-4C43C8ED17D3",
        "type": "Scene",
        "children": [{
            "name": "table1",
            "uuid": "DB2BB6BD-F9FA-32B4-92F7-D1535ADCE6F1",
            "matrix": [-1,0,0,0,0,-1,-0,0,0,-0,1,0,0,0,0,1],
            "visible": true,
            "type": "Object",
            "children": [{
                "name": "Cube_Cube_002",
                "uuid": "2298FC52-C622-3659-AB66-A05DF00939E6",
                "matrix": [1,0,0,0,0,1,0,0,0,0,1,0,0,0,0,1],
                "visible": true,
                "type": "Mesh",
                "material": "CE455CF3-AA1C-31F2-A417-40A0777BE4AB",
                "castShadow": true,
                "receiveShadow": true,
                "geometry": "FD96B938-A91F-3C2D-BDD8-D52C228049F3"
            }]
        },{
            "name": "table1.001",
            "uuid": "AB0AEA44-E9B7-3E6B-BE80-BB6F069C0392",
            "matrix": [-1,0,0,0,0,0,1,0,0,1,0,0,0,0,0,1],
            "visible": true,
            "type": "Object"
        }],
        "matrix": [1,0,0,0,0,1,0,0,0,0,1,0,0,0,0,1]
    },
    "metadata": {
        "generator": "io_three",
        "version": 4.4,
        "type": "Object"
    },
    "animations": [{
        "name": "default",
        "fps": 29,
        "tracks": []
    }],
    "textures": []
}